,mean_fit_time,std_fit_time,mean_score_time,std_score_time,param_colsample_bytree,param_learning_rate,param_max_depth,param_min_child_samples,param_num_leaves,param_subsample,params,split0_test_score,split1_test_score,split2_test_score,split3_test_score,split4_test_score,split5_test_score,split6_test_score,split7_test_score,split8_test_score,split9_test_score,mean_test_score,std_test_score,rank_test_score
0,1465.4431168556214,4.259833675248579,0.7870814085006714,0.2393444765785431,0.705051979426657,0.02853983686604182,12,13,35,0.7070593162427692,"OrderedDict([('colsample_bytree', 0.705051979426657), ('learning_rate', 0.02853983686604182), ('max_depth', 12), ('min_child_samples', 13), ('num_leaves', 35), ('subsample', 0.7070593162427692)])",-1.3865059755957265,-1.3935734509425557,-1.3943086942170366,-1.3677045521156903,-1.3440361724645187,-1.4152231208730017,-1.4411463615957016,-1.379997186313409,-1.389447068909728,-1.3227363215208003,-1.3834678904548168,0.031786064681001105,1
