,mean_fit_time,std_fit_time,mean_score_time,std_score_time,param_colsample_bytree,param_learning_rate,param_max_depth,param_min_child_samples,param_num_leaves,param_subsample,params,split0_test_score,split1_test_score,split2_test_score,split3_test_score,split4_test_score,split5_test_score,split6_test_score,split7_test_score,split8_test_score,split9_test_score,mean_test_score,std_test_score,rank_test_score
0,1129.8006055355072,2.8648639006414327,0.4759207725524902,0.06917375792267785,0.705051979426657,0.02853983686604182,10,13,35,0.7070593162427692,"OrderedDict([('colsample_bytree', 0.705051979426657), ('learning_rate', 0.02853983686604182), ('max_depth', 10), ('min_child_samples', 13), ('num_leaves', 35), ('subsample', 0.7070593162427692)])",0.4257142857142857,0.43523809523809526,0.4057142857142857,0.46476190476190476,0.4542857142857143,0.4489990467111535,0.4213536701620591,0.41086749285033364,0.4251668255481411,0.4261201143946616,0.4318221435380635,0.018002148456123804,1
